anon_id,composer,flag,reason
1001012618,"Dittersdorf, Carl Ditters von (1739-1799)",650002241: cross-reference to Neumann (Ascertained),'Neimann' is the name in one 1791 inventory entry; RISM and the Krebs thematic catalogue (KreD 39) give the work to Dittersdorf.
1001043738,"Dittersdorf, Carl Ditters von (1739-1799)","455020576: cross-reference to Dušek, František Xaver (1731-1799) (Alleged)","Only one copy cross-references Dušek, as alleged; the others carry the Krebs Dittersdorf numbers KreD 24 and KreD 96."
1001043744,"Rosetti, Antonio (1750c-1792)",570004449: cross-reference to Zobl,Murray's Rosetti thematic catalogue lists the work as A44; Zobl appears only as an unqualified cross-reference on one copy.
400003938,"Pokorný, Franz Xaver (1729-1794)","450010621: cross-reference to Eisenmann, Angelus Anton (18.sc) (Ascertained)",The comparator is a Pokorný autograph (AngP D62) filed in the Eisenmann collection of the Thurn und Taxis library.
408005075,"Pichl, Václav (1741-1805)","455016639: cross-reference to Rosetti, Antonio (1750c-1792) (Ascertained)",Zakin's Pichl catalogue lists the work (ZakP 24) and the printed op. 1/6 names Pichl; the Rosetti name survives as a cross-reference (MurR A58S) on one copy.
850604354,"Galuppi, Baldassare (1706-1785)","410004182: copied or edited by Liebeskind, Josef (1866-1916); a modern copy, not a period witness",Eleven of the twelve matching copies are period copies naming Galuppi; only 410004182 is a modern copy.
850607318,"Benatti, Vincenzo (1767-1797)","In calce, nota: ""Mantova, 20 agosto 1860. Sinfonia d'ignoto autore che si trovava in principio della Partitura Parte Prima del Dramma sacro intitolato Il Voto di Jefte, eseguito nel TeatroScientifico di Mantova nella Quaresima dell'anno 1794, con Musica quasi tutta nuova dell'Abate Luigi Gatti e di ",The note names Gatti and Benatti as the composers of Il voto di Jefte; the match with Benatti's partial autograph of Egeria decides between them for this sinfonia.
450004203,"Küffner, Wilhelm (1727-1797)","Unter der Signatur 819 sind drei Sinfonien zusammengefasst, die eine in F und eine in G auf demselben Papier (Blume, bzw. verschränkte Buchstaben) notiert, könnten auch von demselben Komponisten stammen, die weitere  in G. Eine dritte Sinfonie, ebenfalls in G ist mit der Anmerkung versehen: ""In dieß",The note describes three symphonies bound under one shelfmark and guesses they share a composer; it names no rival to Küffner.
240007366,"Dieter, Christian Ludwig (1757-1822)",Das Rondo ist vermutlich von einem 2. Schreiber (Katel?) in den Stimmen nachträglich hinzugefügt worden,"The note concerns the copyist who probably added the Rondo later, not its composer; the match identifies that added Rondo as Dieter's."
300511594,"Händel, Georg Friedrich (1685-1759)","201009379: cross-reference to Porpora, Nicola (1686-1768) (Ascertained)",Admeto is Handel's opera (HWV 22) and the matching print carries HWV 22/12; Porpora appears only as a cross-reference on one other excerpt copy.
1001356080,"Vanhal, Johann Baptist (1739-1813)","1001106012: cross-reference to Weigl, Joseph (1766-1846) (Ascertained)","Weigl wrote the theme ('Wer hörte wohl jemals...'); the cross-reference names the theme's composer, and both matching copies give the variations to Vanhal."
1001356080,"Vanhal, Johann Baptist (1739-1813)","cross-reference to Weigl, Joseph (1766-1846)","Weigl wrote the theme ('Wer hörte wohl jemals...'); the cross-reference names the theme's composer, and both matching copies give the variations to Vanhal."
450060124,"Moscheles, Ignaz (1794-1870)","cross-reference to Rossini, Gioachino (1792-1868) (Ascertained)",The Rossini cross-reference names the source of the operatic theme ('Una voce poco fa'); the matching print gives the fantasy to Moscheles.
452502351,"Genée, Richard (1823-1895)","1001284143: cross-reference to Maillart, Louis (1817-1871) (Ascertained)","Maillart composed the opera; the matching autograph is Genée's, supplying German recitatives for it."
452502351,"Genée, Richard (1823-1895)","cross-reference to Maillart, Louis (1817-1871) (Ascertained)","Maillart composed the opera; the matching autograph is Genée's, supplying German recitatives for it."
455008450,"Küffner, Joseph (1776-1856)","1001059901: cross-reference to Weber, Carl Maria von (1786-1826) (Ascertained)",Weber's name marks the themes (the anonymous title carries his catalogue number J 277); the matching autograph potpourri is Joseph Küffner's.
455008450,"Küffner, Joseph (1776-1856)","cross-reference to Weber, Carl Maria von (1786-1826) (Ascertained)",Weber's name marks the themes (the anonymous title carries his catalogue number J 277); the matching autograph potpourri is Joseph Küffner's.
551005403,"Lully, Jean-Baptiste (1632-1687)","cross-reference to Rameau, Jean-Philippe (1683-1764) (Ascertained)",This incipit is headed 'Marche De Thesée [par Lully]' and matches La Marche from Lully's Thésée.
800238259,"Perez, Davide (1711-1778)",According to database of GB-Lbl and SquireK 1927: The composer's name has been cut away from the binding,The notes say the composer's name was cut from the binding; the matching copy of the same aria names Perez.
800238259,"Perez, Davide (1711-1778)",Laut Datenbank von GB-Lbl und SquireK 1927: Der Komponistenname wurde aus dem Einband herausgeschnitten,The notes say the composer's name was cut from the binding; the matching copy of the same aria names Perez.
840005041,"Vogel, Johann Christoph (1758-1788)","400110847: copied or edited by Liebeskind, Josef (1866-1916); a modern copy, not a period witness",The matching copy is the printed score of Démophon naming Vogel; only 400110847 is a modern copy.
451026287,"Schindelmeisser, Louis Alexander Balthasar (1811-1864)","270001062: cross-reference to Gounod, Charles-François (1818-1893) (Ascertained)","The matching Bacchanale is titled an insertion for Act V of Gounod's Faust and is attributed to Schindelmeisser; Gounod is the composer of the opera, not of this piece."
451026287,"Schindelmeisser, Louis Alexander Balthasar (1811-1864)","cross-reference to Gounod, Charles-François (1818-1893) (Ascertained)","The matching Bacchanale is titled an insertion for Act V of Gounod's Faust and is attributed to Schindelmeisser; Gounod is the composer of the opera, not of this piece."
400015041,"Winter, Peter von (1754-1825)","cross-reference to Mederitsch, Johann Gallus (1752-1835)",The anonymous record gives Act 1 to Mederitsch and Act 2 to Winter; the matching copy places both numbers in Act 2.
110018,"Händel, Georg Friedrich (1685-1759)","D maj.; 48 m.; Keyboard. This is also found, attributed to Handel in his Water Music, in: Collection of harpsichord pieces and a few songs. See RISM ID 806252012.","The anonymous record's own note supports the attribution: it reports the same piece attributed to Handel as part of the Water Music, which the GB-Lbl comparator confirms."
850026320,"Bach, Johann Christian (1735-1782)","850005023: cross-reference to Bach, Johann Peter","Only the Bergamo copy's title reads 'Gioan Pietro Bacch Prusciano'; RISM files it under Johann Christian Bach with Warburton's number C 2a, and four other copies, one headed 'Bach à londen', agree."
