a,b,verdict,note
1001012602,1001012610,same,"The three encoded sections agree. The second-violin part of I-211 carries the former shelfmark I-240, now the other record's shelfmark; a parts or recataloguing relationship needs checking. RISM also states that no concordance is known."
1001012913,1001364687,same,"The encoded incipits agree on 2 sections. Both copies are in the same library, perhaps catalogued together there. RISM already links the two records."
1001012913,300000470,same,"The encoded incipits agree on 2 sections. RISM titles PL-CZ III-321 E-flat minor, but its incipits have three flats like the others. Both copies are in the same library, perhaps catalogued together there. RISM already links the two records."
1001012913,300234095,same,The encoded incipits agree on 3 sections. RISM already links the two records.
1001050167,250000077,same,"All three encoded sections agree; RISM titles one copy a concerto in C major, though its incipits have two flats like the B-flat symphony."
1001063059,300511428,same,"The encoded incipits agree on 3 sections. Both copies are in the same library, perhaps catalogued together there. RISM already links the two records."
1001364687,300000470,same,"The encoded incipits agree on 2 sections. RISM titles PL-CZ III-321 E-flat minor, but its incipits have three flats like the others. Both copies are in the same library, perhaps catalogued together there. RISM already links the two records."
1001364687,300234095,same,The encoded incipits agree on 2 sections. RISM already links the two records.
1001376566,570005129,same,The encoded incipits agree on 3 sections. RISM already links the two records.
212001983,212002089,same,"The encoded incipits agree on 3 sections. Both copies are in the same library, perhaps catalogued together there. RISM already links the two records."
212001983,212002090,same,"The encoded incipits agree on 3 sections. Both copies are in the same library, perhaps catalogued together there. RISM already links the two records."
212002076,212002077,same,"The encoded incipits agree on 4 sections. Both copies are in the same library, perhaps catalogued together there. RISM already links the two records."
212002089,212002090,same,"The encoded incipits agree on 3 sections. Both copies are in the same library, perhaps catalogued together there. RISM already links the two records."
212003416,212003585,same,"The encoded incipits agree on 3 sections. Both copies are in the same library, perhaps catalogued together there. RISM already links the two records."
212003416,212003586,same,The three encoded sections agree. RISM already cites the concordant Dresden copies Mus.2-O-7a and -7b in its notes.
212003540,212003541,same,"The three encoded sections agree. RISM already identifies the score under Mus.2-O-1,59a and the parts under Mus.2-O-1,59b."
212003553,212003554,same,"The encoded incipits agree on 3 sections. Both copies are in the same library, perhaps catalogued together there. RISM already links the two records."
212003558,212003559,same,"The encoded incipits agree on 2 sections. Both copies are in the same library, perhaps catalogued together there. RISM already links the two records."
212003585,212003586,same,The three encoded sections agree. RISM already links the scoring variants Mus.2-O-7c and -7a in its notes.
212003590,212003591,same,"The encoded incipits agree on 3 sections. Both copies are in the same library, perhaps catalogued together there. RISM already links the two records."
212003596,212003597,same,"The encoded incipits agree on 3 sections. Both copies are in the same library, perhaps catalogued together there. RISM already links the two records."
300000470,300234095,same,"The encoded incipits agree on 2 sections. RISM titles PL-CZ III-321 E-flat minor, but its incipits have three flats like the others. RISM already links the two records."
300234099,300234104,same,"The encoded incipits agree on 4 sections. Both copies are in the same library, perhaps catalogued together there."
300511197,300511198,probable,"Same harp concerto a whole tone apart (C major and B-flat major), all encoded sections agreeing. RISM already links RM 5636 and RM 5629 and describes the different key."
400110586,400110762,probable,The solo flute and first-violin incipits of the opening Allegro agree in both copies; further sections need checking. RISM already links the two records.
600236799,702000332,probable,"Incipits 1.2.1 and 1.3.1 agree; one copy is catalogued as a concerto, the other as a sonata in D minor."
1001319606,1001319719,same,The encoded incipits agree on 5 sections. Both copies are in the same library; one is a possible autograph. RISM already links the two records.
600500059,600500441,same,The encoded incipits agree on 2 sections. Both copies are in the same library and each RISM record already cross-references the other.
