genre,anon_id,composer,verdict,note
symphonies,1001012618,"Dittersdorf, Carl Ditters von (1739-1799)",confirmed,
symphonies,1001035351,"Gyrowetz, Adalbert (1763-1850)",rejected,Fewer than six notes agree
symphonies,1001043738,"Dittersdorf, Carl Ditters von (1739-1799)",probable,Transposed copy (D) of KreD 24 in E-flat
symphonies,1001043744,"Rosetti, Antonio (1750c-1792)",confirmed,"First movement metre encoded as c in the anonymous copy, 3/4 in the Rosetti copy; notes agree"
symphonies,1001067396,"Hasse, Johann Adolf (1699-1783)",conflicting,Same symphony is attributed to Röllig in other RISM copies
symphonies,1001067396,"Röllig, Johann Christian (1716-1780c)",conflicting,Same symphony is attributed to Hasse in other RISM copies
symphonies,1001109262,"Schuster, Joseph (1748-1812)",rejected,Fewer than six notes agree
symphonies,1001220449,"Pichl, Václav (1741-1805)",confirmed,"Anonymous copy encodes opening chords bottom-up, which lowers the automatic note count"
symphonies,1001247888,"Vanhal, Johann Baptist (1739-1813)",confirmed,
symphonies,1001247889,"Dittersdorf, Carl Ditters von (1739-1799)",rejected,Fewer than six notes agree
symphonies,1001302469,"Beethoven, Ludwig van (1770-1827)",rejected,Fewer than six notes agree
symphonies,1001320765,"Gazzaniga, Giuseppe (1743-1818)",rejected,Fewer than six notes agree
symphonies,1001320767,"Fodor, Josephus (1751-1828)",rejected,Fewer than six notes agree
symphonies,1001356492,"Abel, Carl Friedrich (1723-1787)",confirmed,
symphonies,1001374730,"Vanhal, Johann Baptist (1739-1813)",rejected,Hand review: melodies differ beyond the opening figure
symphonies,1001376788,"Schaffrath, Christoph (1709-1763)",known,Title already carries CSWV/GraunWV numbers
symphonies,1001382619,"Haydn, Joseph (1732-1809)",known,Record already names the composer or catalogue number
symphonies,1001382626,"Haydn, Joseph (1732-1809)",known,Record already names the composer or catalogue number
symphonies,1001382636,"Haydn, Joseph (1732-1809)",known,Record already names the composer or catalogue number
symphonies,120000486,"Gyrowetz, Adalbert (1763-1850)",confirmed,
symphonies,190001882,"Adlgasser, Anton Cajetan (1729-1777)",unresolved,"Same pitches as the Adlgasser sacred work, rebarred from 3/8 to 2/4; a quartet borrowing a vocal piece needs the images"
symphonies,190004287,"Knölcke, Baltzar",unresolved,"Same pitches as Knölcke's ""Railleri"" in a different metre; both copies are obscure"
symphonies,190008967,"Bernasconi, Andrea (1706-1784)",confirmed,
symphonies,190009622,"Pampani, Antonio Gaetano (1706-1775)",rejected,Fewer than six notes agree
symphonies,190017764,"Piazza, Gaetano (18.sc)",confirmed,
symphonies,190026991,"Ciampi, Vincenzo Legrenzio (1719-1762)",confirmed,
symphonies,190026995,"Drechsler, František (1803-1878)",rejected,Composer's dates impossible for this copy or genre
symphonies,211011811,"Bruni, Antonio Bartolomeo (1759-1821)",rejected,Hand review: melodies differ
symphonies,212001714,"Tartini, Giuseppe (1692-1770)",known,Record already names the composer or catalogue number
symphonies,212001714,"Weber, Johann Gottfried (1740-1797)",rejected,Fewer than six notes agree
symphonies,220017252,"Wolf, Ernst Wilhelm (1735-1792)",confirmed,
symphonies,220017253,"Wolf, Ernst Wilhelm (1735-1792)",confirmed,Overture to Le monde de la lune
symphonies,220032364,"Cherubini, Luigi (1760-1842)",rejected,Fewer than six notes agree
symphonies,240007339,"Fux, Johann Joseph (1660-1741)",rejected,Fewer than six notes agree
symphonies,240007339,"Skuherský, František Zdeněk (1830-1892)",rejected,Composer's dates impossible for this copy or genre
symphonies,240461,"Mozart, Wolfgang Amadeus (1756-1791)",probable,Instrumental excerpts of Litany KV 125
symphonies,250004185,"Gyrowetz, Adalbert (1763-1850)",confirmed,3 of 4 movements agree with print RicG C3 (octave-shifted encodings)
symphonies,280002277,"Spohr, Louis (1784-1859)",confirmed,
symphonies,300257516,"Pichl, Václav (1741-1805)",confirmed,
symphonies,300257653,"Pichl, Václav (1741-1805)",confirmed,
symphonies,301002142,"Graun, Carl Heinrich (1704-1759)",confirmed,
symphonies,302002415,"Hiller, Johann Adam (1728-1804)",confirmed,Overture to the opera Der lustige Schuster
symphonies,400003780,"Formichi, Pietro (1829-1913)",rejected,Fewer than six notes agree
symphonies,400003938,"Pokorný, Franz Xaver (1729-1794)",confirmed,
symphonies,400003941,"Cimarosa, Domenico (1749-1801)",confirmed,
symphonies,400003944,"Schmittbauer, Joseph Aloys (1718-1809)",rejected,Fewer than six notes agree
symphonies,400007387,"Cavalli, Francesco (1602-1676)",rejected,Composer's dates impossible for this copy or genre
symphonies,400007392,"Toeschi, Carl Joseph (1731-1788)",confirmed,
symphonies,400014396,"Risi, Paolo (18.sc)",confirmed,
symphonies,400014405,"Guglielmi, Pietro Alessandro (1728-1804)",probable,"Instrumental version of aria ""Priva di te mio bene"""
symphonies,400014408,Franck,confirmed,
symphonies,400014560,"Sarti, Giuseppe (1729-1802)",confirmed,
symphonies,400187451,"Asplmayr, Franz (1728-1786)",confirmed,
symphonies,400213728,"Pleyel, Ignace (1757-1831)",probable,Arrangement of quartet BenP 305
symphonies,400213960,"Graun, Johann Gottlieb (1702c-1771)",confirmed,
symphonies,400213964,"Galimberti, Ferdinando (1751+)",confirmed,
symphonies,408005075,"Pichl, Václav (1741-1805)",probable,Transposed copy (E-flat) of ZakP 24 in D
symphonies,450003164,"Polazzi, Bernardo (18.sc)",known,Record already names the composer or catalogue number
symphonies,450004203,"Küffner, Wilhelm (1727-1797)",confirmed,Matches Quartetto IV in a printed set
symphonies,450013954,Schmidt,rejected,Fewer than six notes agree
symphonies,450013956,"Ricci, Francesco Pasquale, OFMConv (1732-1817)",confirmed,
symphonies,450013960,"Belletti, G. C.",confirmed,
symphonies,450013965,"Mozart, Leopold (1719-1787)",confirmed,
symphonies,450303558,"Schuster, Joseph (1748-1812)",confirmed,
symphonies,451508718,"Kücken, Friedrich Wilhelm (1810-1882)",rejected,Fewer than six notes agree
symphonies,453002908,"Vivaldi, Antonio (1678-1741)",known,Record already names the composer or catalogue number
symphonies,454016146,"Cibulka, Matouš Alois (1768-1845)",rejected,Hand review: melodies differ beyond the opening figure
symphonies,456006022,"Dalayrac, Nicolas-Marie (1753-1809)",rejected,Hand review: melodies differ beyond the opening figure
symphonies,456007997,"Żebrowski, Marcin Józef, OSPPE (1702-1770)",rejected,Hand review: melodies differ beyond the opening figure
symphonies,456008015,"Andreska, Vincenc",rejected,Fewer than six notes agree
symphonies,469190800,"Benda, Franz (1709-1786)",confirmed,
symphonies,469191400,"Willmann, Samuel David (1743c-1813)",rejected,Fewer than six notes agree
symphonies,469359400,Brixi,rejected,Hand review: melodies differ beyond the opening figure
symphonies,469467700,"Schürer, Johann Georg (1720c-1786)",confirmed,
symphonies,469467900,"Meisl, Josef Alois (1767-1792p)",rejected,Fewer than six notes agree
symphonies,500028090,"Asplmayr, Franz (1728-1786)",probable,Transposed copy (C major) of D major symphony
symphonies,530000729,"Süßmayr, Franz Xaver (1766-1803)",confirmed,Only the first movement is encoded; movement plan and scoring also agree
symphonies,530012629,"Sacchini, Antonio (1730-1786)",confirmed,
symphonies,530012636,"Richter, Franz Xaver (1709-1789)",confirmed,
symphonies,530012639,"Wagenseil, Georg Christoph (1715-1777)",confirmed,
symphonies,553001702,"Herpol, Homer (1520c-1573c)",rejected,Composer's dates impossible for this copy or genre
symphonies,553001704,"Haydn, Joseph (1732-1809)",rejected,Fewer than six notes agree
symphonies,570002608,"Hasse, Johann Adolf (1699-1783)",rejected,Fewer than six notes agree
symphonies,570005113,"Adam, Johann (1704-1779)",known,Record already names Adam
symphonies,570005116,"Anfossi, Pasquale (1727-1797)",rejected,Fewer than six notes agree
symphonies,570005119,"Naumann, Johann Gottlieb (1741-1801)",confirmed,"Overture to La clemenza di Tito, transposed from B-flat to C; three movements agree"
symphonies,570005126,"Hertel, Johann Wilhelm (1727-1789)",rejected,Hand review: melodies differ beyond the opening figure
symphonies,600025915,"Kospoth, Otto Carl Erdmann (1753-1817)",confirmed,
symphonies,600025981,"Koželuh, Leopold (1747-1818)",confirmed,
symphonies,600171568,Stamitz,confirmed,
symphonies,603000139,"Hafeneder, Joseph (1746-1784)",known,Record already names the composer or catalogue number
symphonies,603000139,"Haydn, Michael (1737-1806)",known,Record already names the composer or catalogue number
symphonies,650003004,"Benda, Georg (1722-1795)",rejected,Competing weaker match; work is Haydn Hob. I:1
symphonies,650003004,"Bühler, Franz, OSB (1760-1823)",rejected,Competing weaker match; work is Haydn Hob. I:1
symphonies,650003004,"Haydn, Joseph (1732-1809)",known,Title already carries Hob. I:1
symphonies,650003004,"Köhler, Johann Hermann (1686-1740)",rejected,Competing weaker match; work is Haydn Hob. I:1
symphonies,650003004,"Molter, Johann Melchior (1696-1765)",rejected,Competing weaker match; work is Haydn Hob. I:1
symphonies,800000068,"Tritto, Giacomo (1733-1824)",rejected,Fewer than six notes agree
symphonies,800070191,"Arne, Thomas Augustine (1710-1778)",unresolved,"Opening matches a Mass in D attributed to Arne in a Rome copy; a symphony quoting a Mass opening is odd, needs the images"
symphonies,800261847,"Cambini, Giuseppe (1746-1825)",confirmed,
symphonies,800261901,"Toeschi, Carl Joseph (1731-1788)",confirmed,
symphonies,806252327,"Fritz, Gaspard (1716-1783)",confirmed,Catalogued as a symphony; the attributed copy is a sonata
symphonies,806252343,"Maschek, Vinzenz (1755-1831)",rejected,Fewer than six notes agree
symphonies,806426578,"Lully, Jean-Baptiste (1632-1687)",rejected,Composer's dates impossible for this copy or genre
symphonies,840002845,"Sammartini, Giovanni Battista (1700c-1775)",probable,Quartet arrangement of symphony JenS 10
symphonies,840003125,"Perez, Davide (1711-1778)",rejected,Fewer than six notes agree
symphonies,850002402,"Asplmayr, Franz (1728-1786)",rejected,Fewer than six notes agree
symphonies,850004869,"Crispi, Pietro Maria (1737c-1797)",confirmed,
symphonies,850010403,"Davaux, Jean-Baptiste (1742-1822)",confirmed,
symphonies,850012465,"Leo, Leonardo (1694-1744)",rejected,Hand review: melodies differ beyond the opening figure
symphonies,850025478,"Benevoli, Orazio (1605-1672)",rejected,Composer's dates impossible for this copy or genre
symphonies,850026335,"Mysliveček, Josef (1737-1781)",confirmed,
symphonies,850026336,"Davaux, Jean-Baptiste (1742-1822)",confirmed,
symphonies,850026338,"Hoffmeister, Franz Anton (1754-1812)",rejected,Fewer than six notes agree
symphonies,850604354,"Galuppi, Baldassare (1706-1785)",confirmed,
symphonies,850604858,"Benatti, Vincenzo (1767-1797)",confirmed,
symphonies,850605102,"Riedt, Friedrich Wilhelm (1710-1783)",rejected,Fewer than six notes agree
symphonies,850607316,"Pleyel, Ignace (1757-1831)",unresolved,Anonymous opening equals bars 3-4 of the Pleyel symphonie concertante a step lower; needs the full parts
symphonies,850607317,"Farinelli, Giuseppe (1769-1836)",confirmed,
symphonies,850607318,"Benatti, Vincenzo (1767-1797)",known,Record already names the composer or catalogue number
symphonies,850607491,"Rolla, Alessandro (1757-1841)",confirmed,
symphonies,850607664,"Cimarosa, Domenico (1749-1801)",confirmed,
symphonies,850607665,"Pecháček, Franz Martin (1763-1816)",rejected,Hand review: melodies differ
symphonies,850607986,"Caruso, Luigi (1754-1822)",confirmed,
symphonies,850608132,"Benatti, Vincenzo (1767-1797)",rejected,Fewer than six notes agree
symphonies,850608133,"Paër, Ferdinando (1771-1839)",confirmed,
symphonies,850609331,"Mysliveček, Josef (1737-1781)",confirmed,
symphonies,850708125,"Hönicke, Friedrich (1755-1809)",rejected,Fewer than six notes agree
symphonies,850733911,"Paisiello, Giovanni (1740-1816)",confirmed,
symphonies,854005377,"Davide da Bergamo, OFMRef (1791-1863)",rejected,Hand review: melodies differ beyond the opening figure
symphonies,854005387,"Paër, Ferdinando (1771-1839)",confirmed,
symphonies,854005521,"Grazioli, Filippo (1774-1840)",rejected,Hand review: melodies differ beyond the opening figure
symphonies,854006142,"Vargas, Urbán de (1606-1656)",rejected,Composer's dates impossible for this copy or genre
